Sex,Worm,Dot,Distance,Annotation,,
Male,0329_E3,1,17.83190007,,,
Male,0329_E3,2,49.41282692,,,
Male,0329_E3,3,45.79245852,,,
Male,0329_E3,4,52.02990253,,,
Male,0329_E3,5,59.00449564,,,
Male,0329_E3,6,60.46175125,,,
Male,0329_E3,7,67.28555929,,,
Male,0329_E3,8,72.1294195,,,
Male,0329_E3,9,68.86934669,,,
Male,0329_E3,10,64.47379226,,,
Male,0329_E3,11,85.15834289,,,
Male,0329_E3,12,90.69016521,,,
Male,0329_E3,13,94.41800008,,,
Male,0329_E3,14,97.77554214,,,
Male,0329_E3,15,101.1070462,,,
Male,0329_E3,16,99.62364506,,,
Male,0329_E3,17,98.93544755,,,
Male,0329_E3,18,103.503397,,,
Male,0329_E3,19,109.2646816,,,
Male,0329_E3,20,116.7331149,,,
Male,0329_E3,21,119.670165,,,
Male,0329_E3,22,121.3849529,,,
Male,0329_E3,23,122.9130022,,,
Male,0329_E3,24,128.325603,,,
Male,0329_E3,25,131.3497244,,,
Male,0329_E3,26,140.1319013,,,
Male,0329_E3,27,144.12253,,,
Male,0329_E3,28,143.2140488,,,
Male,0329_E3,29,140.8510681,,,
Male,0329_E3,30,145.115709,,,
Male,0329_E3,31,135.6860513,,,
Male,0329_E3,32,111.4251719,,,
Male,0329_E3,33,109.977652,,,
Male,0329_E3,34,137.7544806,,,
Male,0329_E3,35,144.482848,,,
Male,0329_E3,36,148.216833,,,
Male,0329_E3,37,157.0226055,,,
Male,0329_E3,38,156.3053635,,,
Male,0329_E3,39,156.1798847,,,
Male,0329_E3,40,152.3591733,,,
Male,0329_E3,41,150.8532534,,,
Male,0329_E3,42,158.2374787,,,
Male,0329_E3,43,162.8753215,,,
Male,0329_E3,44,172.6903716,,,
Male,0329_E3,45,162.0609839,,,
Male,0329_E3,46,164.2045875,,,
Male,0329_E3,47,166.1895651,,,
Male,0329_E3,48,164.8948055,,,
Male,0329_E3,49,174.5243413,,,
Male,0329_E3,50,173.5104149,,,
Male,0329_E3,51,177.4127991,,,
Male,0329_E3,52,186.6932321,,,
Male,0329_E3,53,181.8470294,,,
Male,0329_E3,54,198.6859498,,,
Male,0329_E3,55,205.2984313,,,
Male,0329_E3,56,198.8575612,,,
Male,0329_E3,57,205.5792349,,,
Male,0329_E3,58,206.7402606,,,
Male,0329_E3,59,203.2588621,,,
Male,0329_E3,60,201.43631,,,
Male,0329_E3,61,196.5464186,,,
Male,0329_E3,62,194.6036388,,,
Male,0329_E3,63,193.6438903,,,
Male,0329_E3,64,191.9744767,,,
Male,0329_E3,65,195.4724214,,,
Male,0329_E3,66,198.3538662,,,
Male,0329_E3,67,199.9549998,,,
Male,0329_E3,68,204.4766601,,,
Male,0329_E3,69,194.4058814,,,
Male,0329_E3,70,212.8002959,,,
Male,0329_E3,71,220.2362102,,,
Male,0329_E3,72,222.1506552,,,
Male,0329_E3,73,216.0833272,,,
Male,0329_E3,74,214.2758881,,,
Male,0329_E3,75,219.7078138,,,
Male,0329_E3,76,216.760648,,,
Male,0329_E3,77,212.5443125,,,
Male,0329_E3,78,220.5344276,,,
Male,0329_E3,79,227.4048658,,,
Male,0329_E3,80,229.7489985,,,
Male,0329_E3,81,225.1448497,,,
Male,0329_E3,82,234.4604025,,,
Male,0329_E3,83,233.98676,,,
Male,0329_E3,84,232.0594724,,,
Male,0329_E3,85,228.0434658,,,
Male,0329_E3,86,226.4231857,,,
Male,0329_E3,87,233.5110147,,,
Male,0329_E3,88,241.3375119,,,
Male,0329_E3,89,240.3304084,,,
Male,0329_E3,90,240.7076264,,,
Male,0329_E3,91,237.6681355,,,
Male,0329_E3,92,251.9279053,,,
Male,0329_E3,93,247.6197538,,,
Male,0329_E3,94,253.1683066,,,
Male,0329_E3,95,245.8307565,,,
Male,0329_E3,96,251.0080136,,,
Male,0329_E3,97,250.4884766,,,
Male,0329_E3,98,259.0818946,,,
Male,0329_E3,99,264.4758842,,,
Male,0329_E3,100,258.9793146,,,
Male,0329_E3,101,262.125045,,,
Male,0329_E3,102,257.1424449,,,
Male,0329_E3,103,266.5319694,,,
Male,0329_E3,104,270.0265404,,,
Male,0329_E3,105,269.860889,,,
Male,0329_E3,106,276.350093,,,
Male,0329_E3,107,279.7472295,,,
Male,0329_E3,108,284.2973658,,,
Male,0329_E3,109,290.3682512,,,
Male,0329_E3,110,289.1906751,,,
Male,0329_E3,111,286.6457447,,,
Male,0329_E3,112,285.8442858,,,
Male,0329_E3,113,288.9807383,,,
Male,0329_E3,114,292.0581138,,,
Male,0329_E3,115,275.8759306,,,
Male,0329_E3,116,270.5750859,,,
Male,0329_E3,117,306.9521263,,,
Male,0329_E3,118,303.2691436,,,
Male,0329_E3,119,323.660153,,,
Male,0329_E3,120,308.2811308,,,
Male,0329_E3,121,303.4686421,,,
Male,0329_E3,122,314.2681814,,,
Male,0329_E3,123,306.8570681,,,
Male,0329_E3,124,319.1749466,,,
Male,0329_E3,125,328.8762226,,,
Male,0329_E3,126,325.5852459,,,
Male,0329_E3,127,332.0690345,,,
Male,0329_E3,128,317.1435974,,,
Male,0329_E3,129,330.5808614,,,
Male,0329_E3,130,342.6716524,,,
Male,0329_E3,131,358.1593468,,,
Male,0329_E3,132,364.9932843,,,
Male,0329_E3,133,363.1027826,,,
Male,0329_E3,134,369.3959131,,,
Male,0329_E3,135,370.2376367,,,
Male,0329_E3,136,359.5520546,,,
Male,0329_E3,137,355.0686375,,,
Male,0329_E3,138,369.9405862,,,
Male,0329_E3,139,376.7387638,,,
Male,0329_E3,140,374.8342745,,,
Male,0329_E3,141,376.2984165,,,
Male,0329_E3,142,385.3897275,,,
Male,0329_E3,143,386.4471402,,,
Male,0329_E3,144,404.8106713,,,
Male,0329_E3,145,411.2206548,,,
Male,0329_E3,146,405.8490121,,,
Male,0329_E3,147,393.3300224,,,
Male,0329_E3,148,401.406807,,,
Male,0329_E3,149,403.8401041,,,
Male,0329_E3,150,405.3070547,,,
Male,0329_E3,151,401.7866087,,,
Male,0329_E3,152,410.4041914,,,
Male,0329_E3,153,415.1258145,,,
Male,0329_E3,154,414.7516554,,,
Male,0329_E3,155,418.5673976,,,
Male,0329_E3,156,415.0945227,,,
Male,0329_E3,157,417.6332333,,,
Male,0329_E3,158,432.1180789,,,
Male,0329_E3,159,434.0673737,,,
Male,0329_E3,160,434.2020207,,,
Male,0329_E3,161,378.6372526,,,
Male,0329_E3,162,381.4984129,,,
Male,0329_E3,163,448.3515767,,,
Male,0329_E3,164,451.3230039,,,
Male,0329_E3,165,455.3925295,,,
Male,0329_E3,166,454.9174113,,,
Male,0329_E3,167,461.8645178,,,
Male,0329_E3,168,468.0846704,,,
Male,0329_E3,169,473.831395,,,
Male,0329_E3,170,477.2793081,,,
Male,0329_E3,171,485.8617419,,,
Male,0329_E3,172,457.5842296,,,
Male,0329_E3,173,438.7601824,,,
Male,0329_E3,174,441.5037229,,,
Male,0329_E3,175,452.6187537,,,
Male,0329_E3,176,457.4147849,,,
Male,0329_E3,177,462.757741,,,
Male,0329_E3,178,467.9534438,,,
Male,0329_E3,179,479.7047493,,,
Male,0329_E3,180,479.3908641,,,
Male,0329_E3,181,495.1937064,,,
Male,0329_E3,182,502.1005258,,,
Male,0329_E3,183,489.7703376,,,
Male,0329_E3,184,486.9199975,,,
Male,0329_E3,185,497.456463,,,
Male,0329_E3,186,506.4373929,,,
Male,0329_E3,187,512.277739,,,
Male,0329_E3,188,506.1133801,,,
Male,0329_E3,189,518.57631,,,
Male,0329_E3,190,518.8144728,,,
Male,0329_E3,191,526.0955457,,,
Male,0329_E3,192,528.9602447,,,
Male,0329_E3,193,534.2735133,,,
Male,0329_E3,194,533.7351409,,,
Male,0329_E3,195,510.2405555,,,
Male,0329_E6,1,17.02764297,,,
Male,0329_E6,2,19.02469006,,,
Male,0329_E6,3,22.23514358,,,
Male,0329_E6,4,40.21991034,,,
Male,0329_E6,5,51.6922328,,,
Male,0329_E6,6,62.24424035,,,
Male,0329_E6,7,67.60592028,,,
Male,0329_E6,8,63.50171676,,,
Male,0329_E6,9,61.59960296,,,
Male,0329_E6,10,53.39578504,,,
Male,0329_E6,11,72.2085657,,,
Male,0329_E6,12,73.31439412,,,
Male,0329_E6,13,73.07578727,,,
Male,0329_E6,14,81.60173455,,,
Male,0329_E6,15,85.74274594,,,
Male,0329_E6,16,96.77419507,,,
Male,0329_E6,17,103.8711185,,,
Male,0329_E6,18,106.643277,,,
Male,0329_E6,19,107.7813361,,,
Male,0329_E6,20,113.0866813,,,
Male,0329_E6,21,115.5975824,,,
Male,0329_E6,22,112.3604477,,,
Male,0329_E6,23,103.4102619,,,
Male,0329_E6,24,123.5472103,,,
Male,0329_E6,25,124.4408216,,,
Male,0329_E6,26,129.9347067,,,
Male,0329_E6,27,130.7379442,,,
Male,0329_E6,28,131.250677,,,
Male,0329_E6,29,127.3740618,,,
Male,0329_E6,30,132.0332419,,,
Male,0329_E6,31,134.0010868,,,
Male,0329_E6,32,140.6314741,,,
Male,0329_E6,33,146.0178477,,,
Male,0329_E6,34,145.3230566,,,
Male,0329_E6,35,151.3890798,,,
Male,0329_E6,36,157.102899,,,
Male,0329_E6,37,152.4881476,,,
Male,0329_E6,38,155.6683451,,,
Male,0329_E6,39,154.534143,,,
Male,0329_E6,40,156.8794222,,,
Male,0329_E6,41,151.5214097,,,
Male,0329_E6,42,160.6600943,,,
Male,0329_E6,43,168.9581198,,,
Male,0329_E6,44,166.0861266,,,
Male,0329_E6,45,167.9306795,,,
Male,0329_E6,46,166.7690736,,,
Male,0329_E6,47,166.7962567,,,
Male,0329_E6,48,169.6876634,,,
Male,0329_E6,49,165.7758068,,,
Male,0329_E6,50,158.66069,,,
Male,0329_E6,51,171.4996392,,,
Male,0329_E6,52,174.2739253,,,
Male,0329_E6,53,175.7988659,,,
Male,0329_E6,54,182.4141551,,,
Male,0329_E6,55,182.4038285,,,
Male,0329_E6,56,184.2785139,,,
Male,0329_E6,57,185.8661901,,,
Male,0329_E6,58,184.9912447,,,
Male,0329_E6,59,186.3391027,,,
Male,0329_E6,60,185.826973,,,
Male,0329_E6,61,190.9352308,,,
Male,0329_E6,62,189.0765068,,,
Male,0329_E6,63,192.4802957,,,
Male,0329_E6,64,186.9902536,,,
Male,0329_E6,65,196.653188,,,
Male,0329_E6,66,192.0573602,,,
Male,0329_E6,67,191.5903798,,,
Male,0329_E6,68,198.1961853,,,
Male,0329_E6,69,199.7393285,,,
Male,0329_E6,70,204.5990553,NerveRing,,
Male,0329_E6,71,215.6494375,,,
Male,0329_E6,72,214.6699917,,,
Male,0329_E6,73,214.7920722,,,
Male,0329_E6,74,207.600571,,,
Male,0329_E6,75,207.8030458,,,
Male,0329_E6,76,215.0040071,,,
Male,0329_E6,77,212.2813103,,,
Male,0329_E6,78,211.5624685,,,
Male,0329_E6,79,217.9410697,,,
Male,0329_E6,80,218.1348491,,,
Male,0329_E6,81,219.0382829,,,
Male,0329_E6,82,205.3542937,,,
Male,0329_E6,83,220.174185,,,
Male,0329_E6,84,219.7405657,,,
Male,0329_E6,85,224.2328129,,,
Male,0329_E6,86,233.0513967,,,
Male,0329_E6,87,232.9468938,,,
Male,0329_E6,88,239.1431711,,,
Male,0329_E6,89,239.833456,,,
Male,0329_E6,90,236.2558623,,,
Male,0329_E6,91,230.8294671,,,
Male,0329_E6,92,224.5132965,,,
Male,0329_E6,93,223.7254094,,,
Male,0329_E6,94,231.4032443,,,
Male,0329_E6,95,236.3897939,,,
Male,0329_E6,96,244.3205654,,,
Male,0329_E6,97,249.8583941,,,
Male,0329_E6,98,253.1358146,,,
Male,0329_E6,99,248.6995292,,,
Male,0329_E6,100,245.906143,,,
Male,0329_E6,101,244.6081208,,,
Male,0329_E6,102,240.8990655,,,
Male,0329_E6,103,245.2637486,,,
Male,0329_E6,104,242.9445797,,,
Male,0329_E6,105,250.3424594,,,
Male,0329_E6,106,254.0177755,,,
Male,0329_E6,107,251.8945428,,,
Male,0329_E6,108,259.4354132,,,
Male,0329_E6,109,258.9678153,,,
Male,0329_E6,110,259.0114675,,,
Male,0329_E6,111,252.7694677,,,
Male,0329_E6,112,266.0274925,,,
Male,0329_E6,113,265.296606,,,
Male,0329_E6,114,270.1983406,,,
Male,0329_E6,115,265.3722203,,,
Male,0329_E6,116,262.3299446,,,
Male,0329_E6,117,276.7733576,,,
Male,0329_E6,118,274.9204941,,,
Male,0329_E6,119,269.3768262,,,
Male,0329_E6,120,265.9743606,,,
Male,0329_E6,121,272.4971649,,,
Male,0329_E6,122,272.5295702,,,
Male,0329_E6,123,266.0204012,,,
Male,0329_E6,124,268.3236856,,,
Male,0329_E6,125,278.7334994,,,
Male,0329_E6,126,279.2841432,,,
Male,0329_E6,127,282.6573273,,,
Male,0329_E6,128,288.8440785,,,
Male,0329_E6,129,287.0915369,,,
Male,0329_E6,130,291.7387271,,,
Male,0329_E6,131,287.1424522,,,
Male,0329_E6,132,289.9428509,,,
Male,0329_E6,133,294.8463221,,,
Male,0329_E6,134,299.3790049,,,
Male,0329_E6,135,300.2567945,,,
Male,0329_E6,136,309.1529239,,,
Male,0329_E6,137,309.1298016,,,
Male,0329_E6,138,304.7973915,,,
Male,0329_E6,139,304.8245378,,,
Male,0329_E6,140,316.5037928,,,
Male,0329_E6,141,316.011854,,,
Male,0329_E6,142,320.7173742,,,
Male,0329_E6,143,311.9937322,,,
Male,0329_E6,144,314.6713617,,,
Male,0329_E6,145,306.8850167,,,
Male,0329_E6,146,302.4483553,,,
Male,0329_E6,147,295.3103163,,,
Male,0329_E6,148,313.145716,,,
Male,0329_E6,149,326.6968776,,,
Male,0329_E6,150,323.4907416,,,
Male,0329_E6,151,327.5985366,,,
Male,0329_E6,152,337.4066479,,,
Male,0329_E6,153,331.5536736,,,
Male,0329_E6,154,331.5370165,,,
Male,0329_E6,155,339.0077797,,,
Male,0329_E6,156,341.6960932,,,
Male,0329_E6,157,346.9460439,,,
Male,0329_E6,158,330.6998081,,,
Male,0329_E6,159,329.7293939,,,
Male,0329_E6,160,324.0866105,,,
Male,0329_E6,161,329.9293594,,,
Male,0329_E6,162,329.3127128,,,
Male,0329_E6,163,339.9025616,,,
Male,0329_E6,164,343.0024085,,,
Male,0329_E6,165,351.9070607,,,
Male,0329_E6,166,351.1864924,,,
Male,0329_E6,167,359.1794945,,,
Male,0329_E6,168,365.7093573,,,
Male,0329_E6,169,365.7079817,,,
Male,0329_E6,170,371.7570862,,,
Male,0329_E6,171,351.8220105,,,
Male,0329_E6,172,348.1426954,,,
Male,0329_E6,173,345.5969581,,,
Male,0329_E6,174,349.7295582,,,
Male,0329_E6,175,348.2082731,,,
Male,0329_E6,176,355.4061491,,,
Male,0329_E6,177,358.2654478,,,
Male,0329_E6,178,369.8576087,,,
Male,0329_E6,179,366.8115781,,,
Male,0329_E6,180,371.1861571,,,
Male,0329_E6,181,378.8167222,,,
Male,0329_E6,182,382.6871924,,,
Male,0329_E6,183,386.2478664,,,
Male,0329_E6,184,386.5345681,,,
Male,0329_E6,185,384.3323399,,,
Male,0329_E6,186,381.3264114,,,
Male,0329_E6,187,374.6035465,,,
Male,0329_E6,188,391.4750463,,,
Male,0329_E6,189,393.1960037,,,
Male,0329_E6,190,394.0787098,,,
Male,0329_E6,191,394.5699343,,,
Male,0329_E6,192,397.1875984,,,
Male,0329_E6,193,398.2478634,,,
Male,0329_E6,194,398.8071853,,,
Male,0329_E6,195,392.0770883,,,
Male,0329_E6,196,390.9057959,,,
Male,0329_E6,197,402.7840981,,,
Male,0329_E6,198,394.7455437,,,
Male,0329_E6,199,414.2691173,,,
Male,0329_E6,200,413.3462869,,,
Male,0329_E6,201,421.4235787,,,
Male,0329_E6,202,418.3734331,,,
Male,0329_E6,203,416.7071172,,,
Male,0329_E6,204,420.9450725,,,
Male,0329_E6,205,420.4083154,,,
Male,0329_E6,206,410.7553595,,,
Male,0329_E6,207,408.326865,,,
Male,0329_E6,208,423.5098982,Escell,,
Male,0329_E6,209,428.3888673,,,
Male,0329_E6,210,430.445567,,,
Male,0329_E6,211,432.6152408,,,
Male,0329_E6,212,435.3093887,,,
Male,0329_E6,213,429.4977517,,,
Male,0329_E6,214,434.7988382,,,
Male,0329_E6,215,429.6218409,,,
Male,0329_E6,216,442.1881065,,,
Male,0329_E6,217,445.1995905,,,
Male,0329_E6,218,451.2620032,,,
Male,0329_E6,219,450.8735493,,,
Male,0329_E6,220,449.8995677,,,
Male,0329_E6,221,443.5378679,,,
Male,0329_E6,222,447.968975,,,
Male,0329_E6,223,437.9074379,,,
Male,0329_E6,224,441.6193177,,,
Male,0329_E6,225,444.0995323,,,
Male,0329_E6,226,438.4264087,,,
Male,0329_E6,227,453.8121061,,,
Male,0329_E6,228,448.467594,,,
Male,0329_E6,229,458.3308275,,,
Male,0329_E6,230,461.3397953,,,
Male,0329_E6,231,455.9113437,,,
Male,0329_E6,232,458.542285,,,
Male,0329_E6,233,466.5188182,,,
Male,0329_E6,234,470.3310854,,,
Male,0329_E6,235,474.2998204,,,
Male,0329_E6,236,480.6851421,,,
Male,0329_E6,237,480.3134042,,,
Male,0329_E6,238,480.5161789,,,
Male,0329_E6,239,473.6388446,,,
Male,0329_E6,240,476.577787,,,
Male,0329_E6,241,468.9847746,,,
Male,0329_E6,242,459.9906204,,,
Male,0329_E6,243,457.3290803,,,
Male,0329_E6,244,484.0595249,,,
Male,0329_E6,245,486.8991334,,,
Male,0329_E6,246,483.1753788,,,
Male,0329_E6,247,477.9712449,,,
Male,0329_E6,248,491.1186621,,,
Male,0329_E6,249,497.808818,,,
Male,0329_E6,250,508.5109146,,,
Male,0329_E6,251,505.2030665,,,
Male,0329_E6,252,520.0381548,,,
Male,0329_E6,253,527.2549593,,,
Male,0329_E6,254,514.9981044,,,
Male,0329_E6,255,513.8800302,,,
Male,0329_E6,256,513.4528592,,,
Male,0329_E6,257,506.9463503,,,
Male,0329_E6,258,503.0590897,,,
Male,0329_E6,259,493.9465017,,,
Male,0329_E6,260,493.1197324,,,
Male,0329_E6,261,497.4641649,,,
Male,0329_E6,262,508.5140313,,,
Male,0329_E6,263,507.9241061,,,
Male,0329_E6,264,504.5756302,,,
Male,0329_E6,265,513.6912337,,,
Male,0329_E6,266,522.1506059,,,
Male,0329_E6,267,523.3280147,,,
Male,0329_E6,268,525.1506966,,,
Male,0329_E6,269,531.748771,,,
Male,0329_E6,270,534.1885245,,,
Male,0329_E6,271,545.6543045,,,
Male,0329_E6,272,544.1473745,,,
Male,0329_E6,273,534.1953267,,,
Male,0329_E6,274,520.591467,,,
Male,0329_E6,275,510.806724,,,
Male,0329_E6,276,507.3218484,,,
Male,0329_E6,277,498.1160248,,,
Male,0329_E6,278,493.2883541,,,
Male,0329_E6,279,491.2562005,,,
Male,0329_E6,280,490.570251,,,
Male,0329_E6,281,547.462967,,,
Male,0329_E6,282,542.505499,,,
Male,0329_E6,283,543.2117102,,,
Male,0329_E6,284,545.1988062,,,
Male,0329_E6,285,534.742239,,,
Male,0329_E6,286,541.2662587,,,
Male,0329_E6,287,548.6814071,,,
Male,0329_E6,288,555.1772811,,,
Male,0329_E6,289,561.0236495,,,
Male,0329_E6,290,573.5757347,,,
Male,0329_E6,291,581.0638986,,,
Male,0329_E6,292,585.6371781,,,
Male,0329_E6,293,595.2807607,,,
Male,0329_E6,294,592.3913552,,,
Male,0329_E6,295,581.7768033,,,
Male,0329_E6,296,573.3106863,,,
Male,0329_E6,297,559.8516389,,,
Male,0329_E6,298,561.3325772,,,
Male,0329_E6,299,547.3023569,,,
Male,0329_E6,300,563.8010637,,,
Male,0329_E6,301,569.7663467,,,
Male,0329_E6,302,566.3210258,,,
Male,0329_E6,303,577.9386056,,,
Male,0329_E6,304,580.2090393,,,
Male,0329_E6,305,571.3003172,,,
Male,0329_E6,306,589.8517247,,,
Male,0329_E6,307,591.0252264,,,
Male,0329_E6,308,596.6921489,,,
Male,0329_E6,309,597.7291202,,,
Male,0329_E6,310,594.7077359,,,
Male,0405_E09,1,12.73192275,,,
Male,0405_E09,2,11.35176198,,,
Male,0405_E09,3,16.73357371,,,
Male,0405_E09,4,36.2355073,,,
Male,0405_E09,5,45.07306045,,,
Male,0405_E09,6,53.53749663,,,
Male,0405_E09,7,57.21977184,,,
Male,0405_E09,8,51.73295457,,,
Male,0405_E09,9,61.46659409,,,
Male,0405_E09,10,65.09239655,,,
Male,0405_E09,11,61.18454199,,,
Male,0405_E09,12,64.58782204,,,
Male,0405_E09,13,59.29268505,,,
Male,0405_E09,14,60.62368001,,,
Male,0405_E09,15,73.361074,,,
Male,0405_E09,16,72.92395202,,,
Male,0405_E09,17,77.36487439,,,
Male,0405_E09,18,79.82832385,,,
Male,0405_E09,19,76.85948767,,,
Male,0405_E09,20,83.01720893,,,
Male,0405_E09,21,83.56569977,,,
Male,0405_E09,22,92.17843482,,,
Male,0405_E09,23,90.84917819,,,
Male,0405_E09,24,97.50385474,,,
Male,0405_E09,25,93.73259975,,,
Male,0405_E09,26,101.502032,,,
Male,0405_E09,27,103.3112974,,,
Male,0405_E09,28,110.0056589,,,
Male,0405_E09,29,107.9008688,,,
Male,0405_E09,30,110.1691819,,,
Male,0405_E09,31,105.1104666,,,
Male,0405_E09,32,101.1037339,,,
Male,0405_E09,33,95.54221662,,,
Male,0405_E09,34,104.8414908,,,
Male,0405_E09,35,108.8434656,,,
Male,0405_E09,36,117.4840604,,,
Male,0405_E09,37,125.8864595,,,
Male,0405_E09,38,120.8313485,,,
Male,0405_E09,39,117.1714435,,,
Male,0405_E09,40,122.8672234,,,
Male,0405_E09,41,118.0831994,,,
Male,0405_E09,42,120.3922132,,,
Male,0405_E09,43,117.7771198,,,
Male,0405_E09,44,128.5834068,,,
Male,0405_E09,45,128.8984581,,,
Male,0405_E09,46,129.3663707,,,
Male,0405_E09,47,134.0864297,,,
Male,0405_E09,48,141.2759755,,,
Male,0405_E09,49,140.282215,,,
Male,0405_E09,50,137.9233549,,,
Male,0405_E09,51,142.3451104,,,
Male,0405_E09,52,142.6789667,,,
Male,0405_E09,53,148.3222783,,,
Male,0405_E09,54,152.8348487,,,
Male,0405_E09,55,153.7528252,,,
Male,0405_E09,56,161.5302313,,,
Male,0405_E09,57,162.9379916,,,
Male,0405_E09,58,158.755911,,,
Male,0405_E09,59,163.9693537,,,
Male,0405_E09,60,170.6508027,,,
Male,0405_E09,61,187.3228464,,,
Male,0405_E09,62,187.2907946,,,
Male,0405_E09,63,165.3573044,,,
Male,0405_E09,64,159.3372331,,,
Male,0405_E09,65,159.2367758,,,
Male,0405_E09,66,172.2478806,,,
Male,0405_E09,67,177.3813511,,,
Male,0405_E09,68,177.6008259,,,
Male,0405_E09,69,183.0828411,,,
Male,0405_E09,70,183.0917504,,,
Male,0405_E09,71,177.7909708,,,
Male,0405_E09,72,172.797659,,,
Male,0405_E09,73,193.1143256,,,
Male,0405_E09,74,198.9571167,,,
Male,0405_E09,75,201.3347868,,,
Male,0405_E09,76,209.320429,,,
Male,0405_E09,77,206.5085756,,,
Male,0405_E09,78,211.251,,,
Male,0405_E09,79,205.1944429,,,
Male,0405_E09,80,200.8697538,,,
Male,0405_E09,81,202.4645124,,,
Male,0405_E09,82,211.4748803,,,
Male,0405_E09,83,203.5190071,,,
Male,0405_E09,84,213.9332121,,,
Male,0405_E09,85,220.8928341,,,
Male,0405_E09,86,220.1638076,,,
Male,0405_E09,87,232.7790766,,,
Male,0405_E09,88,234.1372594,,,
Male,0405_E09,89,230.8408087,,,
Male,0405_E09,90,234.5486241,,,
Male,0405_E09,91,239.5609583,,,
Male,0405_E09,92,244.940808,,,
Male,0405_E09,93,247.5866991,,,
Male,0405_E09,94,254.2733926,,,
Male,0405_E09,95,260.737614,,,
Male,0405_E09,96,254.9371479,,,
Male,0405_E09,97,257.5181547,,,
Male,0405_E09,98,252.6567885,,,
Male,0405_E09,99,255.3050974,,,
Male,0405_E09,100,240.935434,,,
Male,0405_E09,101,237.0333955,,,
Male,0405_E09,102,232.0379331,,,
Male,0405_E09,103,258.9580302,,,
Male,0405_E09,104,265.4535142,,,
Male,0405_E09,105,265.2693885,,,
Male,0405_E09,106,266.5022005,,,
Male,0405_E09,107,261.4038307,,,
Male,0405_E09,108,271.5670227,,,
Male,0405_E09,109,281.3472455,,,
Male,0405_E09,110,284.5436491,,,
Male,0405_E09,111,291.0964796,,,
Male,0405_E09,112,299.4424823,,,
Male,0405_E09,113,294.6816089,,,
Male,0405_E09,114,306.1871107,,,
Male,0405_E09,115,308.0890894,,,
Male,0405_E09,116,316.7686676,,,
Male,0405_E09,117,309.4512735,,,
Male,0405_E09,118,291.0662396,,,
Male,0405_E09,119,282.4732275,,,
Male,0405_E09,120,288.0914616,,,
Male,0405_E09,121,285.2809334,,,
Male,0405_E09,122,295.4305418,,,
Male,0405_E09,123,295.3395905,,,
Male,0405_E09,124,303.6850009,,,
Male,0405_E09,125,313.4710368,,,
Male,0405_E09,126,324.6557986,,,
Male,0405_E09,127,275.6307488,,,
Male,0405_E09,128,281.0173374,,,
Male,0405_E09,129,328.5746729,,,
Male,0405_E09,130,337.5244024,,,
Male,0405_E09,131,337.3964269,,,
Male,0405_E09,132,340.3609628,,,
Male,0405_E09,133,344.753013,,,
Male,0405_E09,134,351.8387846,,,
Male,0405_E09,135,360.1727434,,,
Male,0405_E09,136,355.7139476,,,
Male,0405_E09,137,348.467692,,,
Male,0405_E09,138,349.4926713,,,
Male,0405_E09,139,362.5070259,,,
Male,0405_E09,140,366.3955537,,,
Male,0405_E09,141,361.2040552,,,
Male,0405_E09,142,355.7149932,,,
Male,0405_E09,143,349.1743246,,,
Male,0405_E09,144,332.5864597,,,
Male,0405_E09,145,316.0248688,,,
Male,0405_E09,146,375.9248462,,,
Male,0405_E09,147,378.3486467,,,
Male,0405_E09,148,375.7022491,,,
Male,0405_E09,149,375.9319874,,,
Male,0405_E09,150,417.4338434,,,
Male,0405_E09,151,425.0776664,,,
Male,0405_E09,152,404.9751925,,,
Male,0405_E09,153,405.8720448,,,
Male,0405_E09,154,383.436368,,,
Male,0405_E09,155,389.1613089,,,
Male,0405_E09,156,397.5929795,,,
Male,0405_E09,157,398.2161222,,,
Male,0405_E09,158,406.3722476,,,
Male,0405_E09,159,409.6228712,,,
Male,0405_E09,160,424.8493714,,,
Male,0405_E09,161,435.4020941,,,
Male,0405_E09,162,427.5464746,,,
Male,0405_E09,163,427.5072137,,,
Male,0405_E09,164,421.6552639,,,
Male,0405_E09,165,428.9485703,,,
Male,0405_E09,166,423.5158973,,,
Male,0405_E09,167,415.2578976,,,
Male,0405_E09,168,408.9662394,,,
Male,0405_E09,169,400.7399662,,,
Male,0405_E09,170,395.8189995,,,
Male,0405_E09,171,388.5238371,,,
Male,0405_E09,172,387.1780781,,,
Male,0405_E09,173,434.7282538,,,
Male,0405_E09,174,442.3244709,,,
Male,0405_E09,175,438.799953,,,
Male,0405_E09,176,434.6250165,,,
Male,0405_E09,177,452.5142319,,,
Male,0405_E09,178,449.383825,,,
Male,0405_E09,179,445.843457,,,
Male,0405_E09,180,444.820459,,,
Male,0405_E09,181,445.4381558,,,
Male,0405_E09,182,457.2823916,,,
Male,0405_E09,183,454.9694763,,,
Male,0405_E09,184,468.4051901,,,
Male,0405_E09,185,467.753159,,,
Male,0405_E09,186,460.8055197,,,
Male,0405_E09,187,448.6830249,,,
Male,0405_E09,188,479.7777921,,,
Male,0405_E09,189,470.2544866,,,
Male,0405_E09,190,490.4775485,,,
Male,0405_E09,191,498.9046408,,,
Male,0405_E09,192,514.5263938,,,
Male,0405_E09,193,525.2409058,,,
Male,0405_E09,194,537.8526128,,,
Male,0405_E09,195,527.1768232,,,
Male,0405_E09,196,534.803482,,,
Male,0405_E09,197,543.447511,,,
Male,0405_E09,198,540.2312947,,,
Male,0405_E09,199,545.7040739,,,
Male,0405_E09,200,522.9673177,,,
Male,0405_E09,201,531.2598055,,,
Male,0405_E09,202,513.4331462,,,
Male,0405_E09,203,501.0291116,,,
Male,0405_E09,204,493.4610431,,,
Male,0405_E09,205,487.0073513,,,
Male,0405_E09,206,482.6631321,,,
Male,0405_E09,207,470.9792757,,,
Male,0405_E09,208,462.3313107,,,
Male,0405_E09,209,473.721699,,,
Male,0405_E09,210,452.1315385,,,
Male,0405_E09,211,494.1765858,,,
Male,0405_E09,212,505.0163762,,,
Male,0405_E09,213,519.340861,,,
Male,0405_E09,214,513.2481832,,,
Male,0405_E09,215,529.2623255,,,
Male,0405_E09,216,537.0646442,,,
Male,0405_E09,217,543.7873278,,,
Male,0405_E09,218,555.2540371,,,
Male,0405_E09,219,563.4901597,,,
Male,0405_E09,220,553.3037768,,,
Male,0405_E09,221,559.6811643,,,
Male,0405_E09,222,565.4055811,,,
Male,0405_E09,223,572.7392078,,,
Male,0405_E09,224,582.1233917,,,
Male,0405_E09,225,579.0556393,,,
Male,0405_E09,226,575.9366805,,,
Male,0405_E09,227,569.7753699,,,
Male,0405_E09,228,564.2948266,,,
Male,0405_E09,229,586.1144013,,,
Male,0405_E09,230,579.1817772,,,
Male,0405_E09,231,594.7787698,,,
Male,0405_E09,232,369.1981447,,,
Male,0405_E09,233,368.4826711,,,
Male,0405_E09,234,376.930818,,,
Male,0405_E09,235,393.5554335,,,
Male,0405_E09,236,330.0127175,,,
Male,0405_E09,237,338.0577592,,,
Male,0405_E10,1,5.277261127,,,
Male,0405_E10,2,17.51239233,,,
Male,0405_E10,3,18.1690625,,,
Male,0405_E10,4,25.80460922,,,
Male,0405_E10,5,48.18973968,,,
Male,0405_E10,6,49.63589384,,,
Male,0405_E10,7,55.367668,,,
Male,0405_E10,8,60.67483383,,,
Male,0405_E10,9,54.64466014,,,
Male,0405_E10,10,56.53502596,,,
Male,0405_E10,11,62.93847597,,,
Male,0405_E10,12,61.51255063,,,
Male,0405_E10,13,58.66193959,,,
Male,0405_E10,14,63.56919918,,,
Male,0405_E10,15,71.11455132,,,
Male,0405_E10,16,70.02311447,,,
Male,0405_E10,17,70.69759513,,,
Male,0405_E10,18,74.83643421,,,
Male,0405_E10,19,84.53649009,,,
Male,0405_E10,20,83.17238159,,,
Male,0405_E10,21,76.14052506,,,
Male,0405_E10,22,90.16263937,,,
Male,0405_E10,23,94.77324193,,,
Male,0405_E10,24,98.04145939,,,
Male,0405_E10,25,101.3449577,,,
Male,0405_E10,26,92.46744661,,,
Male,0405_E10,27,92.95166209,,,
Male,0405_E10,28,98.80444553,,,
Male,0405_E10,29,104.5364647,,,
Male,0405_E10,30,109.3864568,,,
Male,0405_E10,31,108.2868948,,,
Male,0405_E10,32,105.5581011,,,
Male,0405_E10,33,113.6539548,,,
Male,0405_E10,34,120.2281963,,,
Male,0405_E10,35,110.385713,,,
Male,0405_E10,36,124.806269,,,
Male,0405_E10,37,123.3407523,,,
Male,0405_E10,38,127.5562862,,,
Male,0405_E10,39,129.1403307,,,
Male,0405_E10,40,135.9251906,,,
Male,0405_E10,41,140.3474051,,,
Male,0405_E10,42,144.8599112,,,
Male,0405_E10,43,150.993425,,,
Male,0405_E10,44,138.5651516,,,
Male,0405_E10,45,129.8902208,,,
Male,0405_E10,46,146.0306152,,,
Male,0405_E10,47,150.7614714,,,
Male,0405_E10,48,145.3432597,,,
Male,0405_E10,49,148.1215393,,,
Male,0405_E10,50,141.2168944,,,
Male,0405_E10,51,150.4033812,,,
Male,0405_E10,52,158.771804,,,
Male,0405_E10,53,161.1296434,,,
Male,0405_E10,54,157.6674344,,,
Male,0405_E10,55,162.5111636,,,
Male,0405_E10,56,165.9817808,,,
Male,0405_E10,57,163.0737987,,,
Male,0405_E10,58,157.8027047,,,
Male,0405_E10,59,171.9838108,,,
Male,0405_E10,60,181.3435355,,,
Male,0405_E10,61,185.9462589,,,
Male,0405_E10,62,183.038781,,,
Male,0405_E10,63,177.6299627,,,
Male,0405_E10,64,182.4778065,,,
Male,0405_E10,65,169.4551543,,,
Male,0405_E10,66,167.4258211,,,
Male,0405_E10,67,182.4501103,,,
Male,0405_E10,68,191.1686498,,,
Male,0405_E10,69,178.8196664,,,
Male,0405_E10,70,173.7515634,,,
Male,0405_E10,71,188.3022849,,,
Male,0405_E10,72,189.8050812,,,
Male,0405_E10,73,204.269451,,,
Male,0405_E10,74,210.8948836,,,
Male,0405_E10,75,205.8881774,,,
Male,0405_E10,76,212.357107,,,
Male,0405_E10,77,215.8827535,,,
Male,0405_E10,78,217.7378545,,,
Male,0405_E10,79,222.3885971,,,
Male,0405_E10,80,218.2935753,,,
Male,0405_E10,81,223.5685049,,,
Male,0405_E10,82,214.9023942,,,
Male,0405_E10,83,224.6346692,,,
Male,0405_E10,84,226.0804673,,,
Male,0405_E10,85,235.5592356,,,
Male,0405_E10,86,242.3723964,,,
Male,0405_E10,87,250.9478419,,,
Male,0405_E10,88,256.0821843,,,
Male,0405_E10,89,247.9069897,,,
Male,0405_E10,90,250.3164683,,,
Male,0405_E10,91,246.6673963,,,
Male,0405_E10,92,241.3154254,,,
Male,0405_E10,93,256.1814502,,,
Male,0405_E10,94,267.980242,,,
Male,0405_E10,95,263.9786328,,,
Male,0405_E10,96,270.4331486,,,
Male,0405_E10,97,265.6712105,,,
Male,0405_E10,98,272.1648767,,,
Male,0405_E10,99,274.5362762,,,
Male,0405_E10,100,266.5298684,,,
Male,0405_E10,101,273.872683,,,
Male,0405_E10,102,269.3857317,,,
Male,0405_E10,103,264.0057656,,,
Male,0405_E10,104,252.793,,,
Male,0405_E10,105,234.2390914,,,
Male,0405_E10,106,233.156936,,,
Male,0405_E10,107,237.9399467,,,
Male,0405_E10,108,284.7520796,,,
Male,0405_E10,109,286.5459491,,,
Male,0405_E10,110,291.6822679,,,
Male,0405_E10,111,292.4105762,,,
Male,0405_E10,112,297.6762516,,,
Male,0405_E10,113,305.721865,,,
Male,0405_E10,114,311.146497,,,
Male,0405_E10,115,308.9719169,,,
Male,0405_E10,116,297.0357119,,,
Male,0405_E10,117,297.0620801,,,
Male,0405_E10,118,300.1260898,,,
Male,0405_E10,119,293.8150808,,,
Male,0405_E10,120,303.2250782,,,
Male,0405_E10,121,309.5648992,,,
Male,0405_E10,122,314.3707036,,,
Male,0405_E10,123,316.0853494,,,
Male,0405_E10,124,321.5398303,,,
Male,0405_E10,125,322.9112145,,,
Male,0405_E10,126,329.7872247,,,
Male,0405_E10,127,337.9223038,,,
Male,0405_E10,128,338.5846506,,,
Male,0405_E10,129,340.7765071,,,
Male,0405_E10,130,347.4547929,,,
Male,0405_E10,131,347.7242597,,,
Male,0405_E10,132,339.8312846,,,
Male,0405_E10,133,352.7220373,,,
Male,0405_E10,134,360.7395397,,,
Male,0405_E10,135,362.0789745,,,
Male,0405_E10,136,361.6800909,,,
Male,0405_E10,137,358.4830456,,,
Male,0405_E10,138,372.52139,,,
Male,0405_E10,139,368.0421888,,,
Male,0405_E10,140,365.9312152,,,
Male,0405_E10,141,374.8399867,,,
Male,0405_E10,142,371.9783343,,,
Male,0405_E10,143,381.6244368,,,
Male,0405_E10,144,384.7808774,,,
Male,0405_E10,145,382.5145282,,,
Male,0405_E10,146,390.2937976,,,
Male,0405_E10,147,395.8173196,,,
Male,0405_E10,148,390.6387011,,,
Male,0405_E10,149,390.7251682,,,
Male,0405_E10,150,389.7751442,,,
Male,0405_E10,151,389.3118508,,,
Male,0405_E10,152,384.958262,,,
Male,0405_E10,153,380.5495606,,,
Male,0405_E10,154,380.0920833,,,
Male,0405_E10,155,396.666825,,,
Male,0405_E10,156,394.2535756,,,
Male,0405_E10,157,406.6989626,,,
Male,0405_E10,158,404.4087288,,,
Male,0405_E10,159,407.4074478,,,
Male,0405_E10,160,409.5910607,,,
Male,0405_E10,161,416.3002236,,,
Male,0405_E10,162,417.3161019,,,
Male,0405_E10,163,413.5994998,,,
Male,0405_E10,164,416.2153792,,,
Male,0405_E10,165,413.0861539,,,
Male,0405_E10,166,405.4719116,,,
Male,0405_E10,167,399.7752341,,,
Male,0405_E10,168,401.3548679,,,
Male,0405_E10,169,423.0479868,,,
Male,0405_E10,170,431.6471064,,,
Male,0405_E10,171,435.4217884,,,
Male,0405_E10,172,436.8771165,,,
Male,0405_E10,173,447.8780378,,,
Male,0405_E10,174,442.0426651,,,
Male,0405_E10,175,446.01653,,,
Male,0405_E10,176,461.7555991,,,
Male,0405_E10,177,462.9440597,,,
Male,0405_E10,178,460.4023575,,,
Male,0405_E10,179,451.1066732,,,
Male,0405_E10,180,458.0194455,,,
Male,0405_E10,181,471.7417829,,,
Male,0405_E10,182,466.7933269,,,
Male,0405_E10,183,477.5324619,,,
Male,0405_E10,184,479.7987157,,,
Male,0405_E10,185,485.7603126,,,
Male,0405_E10,186,486.3828867,,,
Male,0405_E10,187,475.3233455,,,
Male,0405_E10,188,479.382822,,,
Male,0405_E10,189,491.3748147,,,
Male,0405_E10,190,501.8795111,,,
Male,0405_E10,191,498.0835271,,,
Male,0405_E10,192,502.4191513,,,
Male,0405_E10,193,496.1550526,,,
Male,0405_E10,194,505.2766563,,,
Male,0405_E10,195,510.4584129,,,
Male,0405_E10,196,503.9240534,,,
Male,0405_E10,197,494.2890097,,,
Male,0405_E10,198,487.6385995,,,
Male,0405_E10,199,483.1135452,,,
Male,0405_E10,200,478.0248154,,,
Male,0405_E10,201,468.8943624,,,
Male,0405_E10,202,477.2515988,,,
Male,0405_E10,203,425.968009,,,
Male,0405_E10,204,429.9185628,,,
Male,0405_E10,205,422.4678617,,,
Male,0405_E10,206,437.1665143,,,
Male,0405_E10,207,446.3640741,,,
Male,0405_E10,208,510.419347,,,
Male,0405_E10,209,517.896844,,,
Male,0405_E10,210,521.6378814,,,
Male,0405_E10,211,528.1762818,,,
Male,0405_E10,212,529.6121166,,,
Male,0405_E10,213,534.8620253,,,
Male,0405_E10,214,536.8723492,,,
Male,0405_E10,215,542.2166577,,,
Male,0405_E10,216,543.6432765,,,
Male,0405_E10,217,551.0577549,,,
Male,0405_E10,218,550.6707534,,,
Male,0405_E10,219,544.938648,,,
Male,0405_E10,220,538.2766319,,,
Male,0405_E10,221,541.9468653,,,
Male,0405_E10,222,527.6339928,,,
Male,0405_E10,223,529.8661645,,,
Male,0405_E10,224,528.1121571,,,
Male,0405_E10,225,544.119939,,,
Male,0405_E10,226,515.4634391,,,
Male,0405_E10,227,553.0676598,,,
Male,0405_E10,228,557.1474088,,,
Male,0405_E10,229,551.0914268,,,
Male,0405_E10,230,575.536317,,,
Male,0405_E10,231,594.2369481,,,
Male,0405_E10,232,600.4510505,,,
Male,0405_E10,233,589.3274993,,,
Male,0405_E10,234,581.4274947,,,
Male,0405_E10,235,573.8756142,,,
Male,0405_E10,236,572.8640515,,,
Male,0405_E10,237,565.612137,,,
Male,0405_E10,238,562.013137,,,
Male,0405_E10,239,566.4817741,,,
Male,0405_E10,240,564.5422446,,,
Male,0405_E10,241,573.5494476,,,
Male,0405_E10,242,573.539121,,,
Male,0405_E10,243,578.439463,,,
Male,0405_E10,244,571.8522115,,,
Male,0405_E10,245,539.6280097,,,
Male,0405_E10,246,585.9309403,,,
Male,0405_E10,247,598.4900032,,,
Male,0405_E10,248,592.5600643,,,
Male,0405_E10,249,582.6051678,,,
Male,0405_E10,250,583.2380493,,,
Male,0405_E10,251,590.9825175,,,
Male,0405_E10,252,601.5309168,,,
Male,0405_E10,253,602.2310447,,,
Male,0405_E10,254,612.6060602,,,
Male,0405_E10,255,613.9794215,,,
Male,0405_E10,256,605.1531909,,,
Male,0405_E10,257,608.7672884,,,
Male,0405_E10,258,598.6992232,,,
Male,0405_E10,259,593.0521752,,,
Male,0405_E10,260,615.9755677,,,
Male,0405_E10,261,615.7115233,,,
Male,0405_E10,262,609.0742671,,,
Male,0405_E10,263,625.8449958,,,
Male,0405_E10,264,628.642673,,,
Male,0405_E10,265,629.9406588,,,
Male,0405_E10,266,623.784735,,,
Male,0405_E10,267,626.4417403,,,
Male,0405_E10,268,633.6477627,,,
Male,0405_E10,269,639.2832613,,,
Male,0405_E10,270,641.0630824,,,
Male,0405_E10,271,643.7286345,,,
Male,0405_E10,272,646.5589833,,,
Male,0405_E10,273,642.6152103,,,
Male,0405_E10,274,656.2653102,,,
Male,0405_E10,275,658.4718174,,,
Male,0405_E10,276,667.6642307,,,
Male,0405_E10,277,669.2167483,,,
Male,0405_E10,278,646.7683729,,,
Male,0405_E10,279,657.6415154,,,
Male,0405_E10,280,655.3695274,,,
Male,0405_E10,281,664.1586531,,,
Male,0405_E10,282,669.8273864,,,
Male,0405_E10,283,660.8903971,,,
Male,0405_E10,284,672.6553369,,,
Male,0405_E11,2,17.86524027,,,
Male,0405_E11,1,20.8112884,,,
Male,0405_E11,2,19.41054458,,,
Male,0405_E11,3,41.78158308,,,
Male,0405_E11,4,46.78218518,,,
Male,0405_E11,5,51.12817188,,,
Male,0405_E11,6,53.78868269,,,
Male,0405_E11,7,52.29243621,,,
Male,0405_E11,8,57.39356162,,,
Male,0405_E11,9,55.03431397,,,
Male,0405_E11,10,60.69776458,,,
Male,0405_E11,11,59.69000021,,,
Male,0405_E11,12,47.47506179,,,
Male,0405_E11,13,44.23343578,,,
Male,0405_E11,14,56.3966937,,,
Male,0405_E11,15,67.62660448,,,
Male,0405_E11,16,70.75910065,,,
Male,0405_E11,17,72.18758024,,,
Male,0405_E11,18,64.24514009,,,
Male,0405_E11,19,65.88431344,,,
Male,0405_E11,20,76.13917754,,,
Male,0405_E11,21,79.27881798,,,
Male,0405_E11,22,81.72377663,,,
Male,0405_E11,23,80.78400295,,,
Male,0405_E11,24,83.20086322,,,
Male,0405_E11,25,78.9830196,,,
Male,0405_E11,26,82.48878384,,,
Male,0405_E11,27,79.33923529,,,
Male,0405_E11,28,90.10634362,,,
Male,0405_E11,29,93.64492436,,,
Male,0405_E11,30,92.49592079,,,
Male,0405_E11,31,93.2883351,,,
Male,0405_E11,32,96.97860682,,,
Male,0405_E11,33,101.9609833,,,
Male,0405_E11,34,110.6047923,,,
Male,0405_E11,35,102.1219124,,,
Male,0405_E11,36,108.8435261,,,
Male,0405_E11,37,116.1941099,,,
Male,0405_E11,38,123.8739875,,,
Male,0405_E11,39,123.5254876,,,
Male,0405_E11,40,117.3183307,,,
Male,0405_E11,41,111.1793658,,,
Male,0405_E11,42,116.8083103,,,
Male,0405_E11,43,112.5001572,,,
Male,0405_E11,44,110.0305334,,,
Male,0405_E11,45,114.3384571,,,
Male,0405_E11,46,99.23494905,,,
Male,0405_E11,47,102.8147041,,,
Male,0405_E11,48,97.99976084,,,
Male,0405_E11,49,131.4311839,,,
Male,0405_E11,50,129.1489038,,,
Male,0405_E11,51,132.0142121,,,
Male,0405_E11,52,134.2794974,,,
Male,0405_E11,53,138.3166739,,,
Male,0405_E11,54,137.292794,,,
Male,0405_E11,55,140.7504378,,,
Male,0405_E11,56,152.3597404,,,
Male,0405_E11,57,146.1857202,,,
Male,0405_E11,58,151.9427526,,,
Male,0405_E11,59,148.5238586,,,
Male,0405_E11,60,152.323657,,,
Male,0405_E11,61,158.9032147,,,
Male,0405_E11,62,154.182674,,,
Male,0405_E11,63,163.5629609,,,
Male,0405_E11,64,159.544484,,,
Male,0405_E11,65,154.0840686,,,
Male,0405_E11,66,150.272769,,,
Male,0405_E11,67,169.6598614,,,
Male,0405_E11,68,169.541285,,,
Male,0405_E11,69,177.1644896,,,
Male,0405_E11,70,176.3247989,,,
Male,0405_E11,71,172.4137638,,,
Male,0405_E11,72,168.6509828,,,
Male,0405_E11,73,156.5635902,,,
Male,0405_E11,74,180.3758113,,,
Male,0405_E11,75,177.4555859,,,
Male,0405_E11,76,184.5290477,,,
Male,0405_E11,77,188.38786,,,
Male,0405_E11,78,186.2314932,,,
Male,0405_E11,79,185.0520284,,,
Male,0405_E11,80,190.1993502,,,
Male,0405_E11,81,195.8804871,,,
Male,0405_E11,82,201.4458516,,,
Male,0405_E11,83,207.2839876,,,
Male,0405_E11,84,194.8376746,,,
Male,0405_E11,85,208.3937451,,,
Male,0405_E11,86,215.3811065,,,
Male,0405_E11,87,219.7123443,,,
Male,0405_E11,88,214.0213984,,,
Male,0405_E11,89,212.3897696,,,
Male,0405_E11,90,214.1200891,,,
Male,0405_E11,91,224.9589068,,,
Male,0405_E11,92,227.9717673,,,
Male,0405_E11,93,227.5581933,,,
Male,0405_E11,94,234.4440188,,,
Male,0405_E11,95,228.0849299,,,
Male,0405_E11,96,229.78265,,,
Male,0405_E11,97,222.1903543,,,
Male,0405_E11,98,235.8842261,,,
Male,0405_E11,99,234.5265816,,,
Male,0405_E11,100,238.886545,,,
Male,0405_E11,101,240.6533569,,,
Male,0405_E11,102,240.4095491,,,
Male,0405_E11,103,250.0932552,,,
Male,0405_E11,104,247.3980858,,,
Male,0405_E11,105,250.5572224,,,
Male,0405_E11,106,248.2202891,,,
Male,0405_E11,107,244.2395388,,,
Male,0405_E11,108,259.2053579,,,
Male,0405_E11,109,256.0030254,,,
Male,0405_E11,110,258.9279973,,,
Male,0405_E11,111,263.9995022,,,
Male,0405_E11,112,261.3689783,,,
Male,0405_E11,113,264.9390078,,,
Male,0405_E11,114,246.6138058,,,
Male,0405_E11,115,248.7487516,,,
Male,0405_E11,116,250.3681876,,,
Male,0405_E11,117,256.7812972,,,
Male,0405_E11,118,260.541252,,,
Male,0405_E11,119,278.5908874,,,
Male,0405_E11,120,277.1836972,,,
Male,0405_E11,121,279.9169436,,,
Male,0405_E11,122,284.1553172,,,
Male,0405_E11,123,287.3433031,,,
Male,0405_E11,124,295.7327161,,,
Male,0405_E11,125,299.58183,,,
Male,0405_E11,126,297.3903973,,,
Male,0405_E11,127,293.3060148,,,
Male,0405_E11,128,306.9515182,,,
Male,0405_E11,129,305.8008168,,,
Male,0405_E11,130,307.5574516,,,
Male,0405_E11,131,307.7815099,,,
Male,0405_E11,132,280.5138795,,,
Male,0405_E11,133,287.9184477,,,
Male,0405_E11,134,289.449618,,,
Male,0405_E11,135,301.9396961,,,
Male,0405_E11,136,296.0783479,,,
Male,0405_E11,137,300.0374431,,,
Male,0405_E11,138,288.1273042,,,
Male,0405_E11,139,290.6575975,,,
Male,0405_E11,140,275.4546985,,,
Male,0405_E11,141,277.097522,,,
Male,0405_E11,142,283.5953083,,,
Male,0405_E11,143,315.6302141,,,
Male,0405_E11,144,318.5191177,,,
Male,0405_E11,145,325.0444068,,,
Male,0405_E11,146,329.1703243,,,
Male,0405_E11,147,327.0358151,,,
Male,0405_E11,148,323.1750928,,,
Male,0405_E11,149,326.9594892,,,
Male,0405_E11,150,327.942203,,,
Male,0405_E11,151,328.5081963,,,
Male,0405_E11,152,321.1758592,,,
Male,0405_E11,153,315.9701262,,,
Male,0405_E11,154,309.9807891,,,
Male,0405_E11,155,318.7970516,,,
Male,0405_E11,156,339.8337979,,,
Male,0405_E11,157,339.0191476,,,
Male,0405_E11,158,339.6986574,,,
Male,0405_E11,159,334.570088,,,
Male,0405_E11,160,344.9504889,,,
Male,0405_E11,161,350.7151333,,,
Male,0405_E11,162,357.6896507,,,
Male,0405_E11,163,361.9286102,,,
Male,0405_E11,164,356.2326235,,,
Male,0405_E11,165,362.050004,,,
Male,0405_E11,166,363.5992226,,,
Male,0405_E11,167,364.8855193,,,
Male,0405_E11,168,374.9245132,,,
Male,0405_E11,169,386.829236,,,
Male,0405_E11,170,390.4407197,,,
Male,0405_E11,171,395.1913045,,,
Male,0405_E11,172,402.2767045,,,
Male,0405_E11,173,402.7348483,,,
Male,0405_E11,174,379.6538047,,,
Male,0405_E11,175,385.3023849,,,
Male,0405_E11,176,381.1251471,,,
Male,0405_E11,177,375.2726486,,,
Male,0405_E11,178,376.4340735,,,
Male,0405_E11,179,426.1840618,,,
Male,0405_E11,180,423.1982601,,,
Male,0405_E11,181,415.371945,,,
Male,0405_E11,182,412.8216335,,,
Male,0405_E11,183,421.6312991,,,
Male,0405_E11,184,432.0363805,,,
Male,0405_E11,185,435.8153776,,,
Male,0405_E11,186,439.4475806,,,
Male,0405_E11,187,448.1307208,,,
Male,0405_E11,188,460.4644752,,,
Male,0405_E11,189,455.6972731,,,
Male,0405_E11,190,472.298233,,,
Male,0405_E11,191,471.825264,,,
Male,0405_E11,192,467.5671046,,,
Male,0405_E11,193,427.5797599,,,
Male,0405_E11,194,438.0567581,,,
Male,0405_E11,195,394.6758716,,,
Male,0405_E11,196,390.6752423,,,
Male,0405_E11,197,392.9367057,,,
Male,0405_E11,198,396.6156076,,,
Male,0405_E11,199,400.0984744,,,
Male,0405_E11,200,401.7778322,,,
Male,0405_E11,201,409.836223,,,
Male,0405_E11,202,418.3437494,,,
Male,0405_E11,203,419.9087385,,,
Male,0405_E11,204,425.4382605,,,
Male,0405_E11,205,429.01415,,,
Male,0405_E11,206,434.5803217,,,
Male,0405_E11,207,437.7784341,,,
Male,0405_E11,208,442.7149642,,,
Male,0405_E11,209,444.6032295,,,
Male,0405_E11,210,448.8645567,,,
Male,0405_E11,211,452.0796889,,,
Male,0405_E11,212,460.2235728,,,
Male,0405_E11,213,467.0515934,,,
Male,0405_E11,214,472.5972138,,,
Male,0405_E11,215,473.2006087,,,
Male,0405_E11,216,466.0531269,,,
Male,0405_E11,217,482.2446412,,,
Male,0405_E11,218,489.8339651,,,
Male,0405_E11,219,498.4752566,,,
Male,0405_E11,220,506.9321197,,,
Male,0405_E11,221,516.0698006,,,
Male,0405_E11,222,517.8951389,,,
Male,0405_E11,223,523.0366012,,,
Male,0405_E11,224,526.4410044,,,
Male,0405_E11,225,535.1607815,,,
Male,0405_E11,226,539.9480105,,,
Male,0405_E11,227,551.8077418,,,
Male,0405_E11,228,553.5751479,,,
Male,0405_E11,229,560.6347751,,,
Male,0405_E11,230,565.6026739,,,
Male,0405_E11,231,572.940122,,,
Male,0405_E11,232,578.8470365,,,
Male,0405_E11,233,579.7430475,,,
Male,0405_E11,234,576.2262308,,,
Male,0405_E11,235,578.1847572,,,
Male,0405_E11,236,563.8762578,,,
Male,0405_E11,237,558.0261688,,,
Male,0405_E11,238,566.1748917,,,
Male,0405_E11,239,553.5269575,,,
Male,0405_E11,240,533.0013307,,,
Male,0405_E11,241,525.8746186,,,
Male,0405_E11,242,526.1752781,,,
Male,0405_E11,243,517.0755571,,,
Male,0405_E11,244,519.3749142,,,
Male,0405_E11,245,501.1542297,,,
Male,0405_E11,246,505.0985973,,,
Male,0405_E11,247,498.6038434,,,
Male,0405_E11,248,490.7574769,,,
Male,0405_E11,249,489.5138803,,,
Male,0405_E11,250,481.0881475,,,
Male,0405_E11,251,531.6902985,,,
Male,0405_E11,252,556.778122,,,
Male,0405_E11,253,574.0481889,,,
Male,0405_E11,254,504.1735284,,,
Male,0405_E11,255,499.3836188,,,
Male,0405_E11,256,496.3120712,,,
Male,0405_E11,257,478.8898934,,,
Male,0405_E11,258,541.8193712,,,
Male,0405_E14,2,5.790220808,,,
Male,0405_E14,1,20.17892101,,,
Male,0405_E14,2,18.06716206,,,
Male,0405_E14,3,19.33332473,,,
Male,0405_E14,4,37.79220525,,,
Male,0405_E14,5,39.51363208,,,
Male,0405_E14,6,41.58754194,,,
Male,0405_E14,7,45.62549296,,,
Male,0405_E14,8,45.14296296,,,
Male,0405_E14,9,47.49467776,,,
Male,0405_E14,10,50.00895892,,,
Male,0405_E14,11,55.69455011,,,
Male,0405_E14,12,58.06413775,,,
Male,0405_E14,13,58.41619688,,,
Male,0405_E14,14,58.26546687,,,
Male,0405_E14,15,55.04578081,,,
Male,0405_E14,16,52.11498604,,,
Male,0405_E14,17,48.42141251,,,
Male,0405_E14,18,56.40312052,,,
Male,0405_E14,19,51.85182393,,,
Male,0405_E14,20,64.68696107,,,
Male,0405_E14,21,69.76892022,,,
Male,0405_E14,22,68.66496007,,,
Male,0405_E14,23,66.61969721,,,
Male,0405_E14,24,64.66761125,,,
Male,0405_E14,25,65.45285629,,,
Male,0405_E14,26,70.88350342,,,
Male,0405_E14,27,68.72084069,,,
Male,0405_E14,28,70.94014751,,,
Male,0405_E14,29,74.87687527,,,
Male,0405_E14,30,73.44403102,,,
Male,0405_E14,31,82.82162462,,,
Male,0405_E14,32,79.2327234,,,
Male,0405_E14,33,83.47520883,,,
Male,0405_E14,34,80.9473048,,,
Male,0405_E14,35,77.13614657,,,
Male,0405_E14,36,75.64995751,,,
Male,0405_E14,37,83.11980858,,,
Male,0405_E14,38,90.06574991,,,
Male,0405_E14,39,89.18900262,,,
Male,0405_E14,40,93.12086568,,,
Male,0405_E14,41,89.49500085,,,
Male,0405_E14,42,92.94261665,,,
Male,0405_E14,43,96.98741389,,,
Male,0405_E14,44,97.88639012,,,
Male,0405_E14,45,100.8812579,,,
Male,0405_E14,46,98.93543988,,,
Male,0405_E14,47,95.94359373,,,
Male,0405_E14,48,96.03090845,,,
Male,0405_E14,49,104.4206834,,,
Male,0405_E14,50,107.2320014,,,
Male,0405_E14,51,103.4195425,,,
Male,0405_E14,52,105.8641812,,,
Male,0405_E14,53,109.2105365,,,
Male,0405_E14,54,111.7302935,,,
Male,0405_E14,55,116.5095955,,,
Male,0405_E14,56,123.1287801,,,
Male,0405_E14,57,110.3723159,,,
Male,0405_E14,58,115.336644,,,
Male,0405_E14,59,119.6199561,,,
Male,0405_E14,60,118.2185167,,,
Male,0405_E14,61,120.9741774,,,
Male,0405_E14,62,112.7897078,,,
Male,0405_E14,63,114.1755693,,,
Male,0405_E14,64,120.347097,,,
Male,0405_E14,65,124.4202556,,,
Male,0405_E14,66,127.677295,,,
Male,0405_E14,67,117.2314735,,,
Male,0405_E14,68,130.5705933,,,
Male,0405_E14,69,128.8622964,,,
Male,0405_E14,70,127.8800062,,,
Male,0405_E14,71,133.9231872,,,
Male,0405_E14,72,139.4386357,,,
Male,0405_E14,73,147.1272068,,,
Male,0405_E14,74,151.5580385,,,
Male,0405_E14,75,149.3124571,,,
Male,0405_E14,76,139.5209342,,,
Male,0405_E14,77,137.2446948,,,
Male,0405_E14,78,143.7676915,,,
Male,0405_E14,79,138.4685538,,,
Male,0405_E14,80,139.7731526,,,
Male,0405_E14,81,146.4265622,,,
Male,0405_E14,82,148.4310972,,,
Male,0405_E14,83,151.4381849,,,
Male,0405_E14,84,151.8762177,,,
Male,0405_E14,85,157.9562148,,,
Male,0405_E14,86,157.2757415,,,
Male,0405_E14,87,160.4104148,,,
Male,0405_E14,88,160.1199685,,,
Male,0405_E14,89,163.1940058,,,
Male,0405_E14,90,166.0365171,,,
Male,0405_E14,91,162.7394125,,,
Male,0405_E14,92,163.9733185,,,
Male,0405_E14,93,166.0863624,,,
Male,0405_E14,94,169.753544,,,
Male,0405_E14,95,169.1905176,,,
Male,0405_E14,96,173.8226826,,,
Male,0405_E14,97,175.6866163,,,
Male,0405_E14,98,179.8176965,,,
Male,0405_E14,99,178.7458413,,,
Male,0405_E14,100,181.3055974,,,
Male,0405_E14,101,181.9831322,,,
Male,0405_E14,102,181.1957173,,,
Male,0405_E14,103,180.603726,,,
Male,0405_E14,104,171.1898287,,,
Male,0405_E14,105,169.0528043,,,
Male,0405_E14,106,166.6134992,,,
Male,0405_E14,107,185.9260619,,,
Male,0405_E14,108,188.5039886,,,
Male,0405_E14,109,192.9901716,,,
Male,0405_E14,110,190.5893551,,,
Male,0405_E14,111,188.6544995,,,
Male,0405_E14,112,191.5936641,,,
Male,0405_E14,113,188.1211952,,,
Male,0405_E14,114,185.0438518,,,
Male,0405_E14,115,189.6039276,,,
Male,0405_E14,116,192.6681483,,,
Male,0405_E14,117,197.7151292,,,
Male,0405_E14,118,202.4214631,,,
Male,0405_E14,119,201.355852,,,
Male,0405_E14,120,196.7573781,,,
Male,0405_E14,121,201.205017,,,
Male,0405_E14,122,206.1959143,,,
Male,0405_E14,123,209.6630096,,,
Male,0405_E14,124,211.5210069,,,
Male,0405_E14,125,213.6984979,,,
Male,0405_E14,126,201.0094334,,,
Male,0405_E14,127,196.0793342,,,
Male,0405_E14,128,196.3820175,,,
Male,0405_E14,129,195.5939284,,,
Male,0405_E14,130,199.7774989,,,
Male,0405_E14,131,204.807795,,,
Male,0405_E14,132,211.0759656,,,
Male,0405_E14,133,212.6333353,,,
Male,0405_E14,134,216.3027723,,,
Male,0405_E14,135,210.0910238,,,
Male,0405_E14,136,198.6696271,,,
Male,0405_E14,137,222.9952497,,,
Male,0405_E14,138,225.8604899,,,
Male,0405_E14,139,230.6402477,,,
Male,0405_E14,140,230.6009554,,,
Male,0405_E14,141,231.9883146,,,
Male,0405_E14,142,222.7211112,,,
Male,0405_E14,143,223.3839457,,,
Male,0405_E14,144,228.4041076,,,
Male,0405_E14,145,234.7690314,,,
Male,0405_E14,146,232.1582275,,,
Male,0405_E14,147,226.7755378,,,
Male,0405_E14,148,226.7033606,,,
Male,0405_E14,149,218.7447561,,,
Male,0405_E14,150,219.4935959,,,
Male,0405_E14,151,218.9729752,,,
Male,0405_E14,152,232.0334201,,,
Male,0405_E14,153,232.5782397,,,
Male,0405_E14,154,240.0921899,,,
Male,0405_E14,155,235.4179645,,,
Male,0405_E14,156,245.7605348,,,
Male,0405_E14,157,244.8425898,,,
Male,0405_E14,158,251.0977067,,,
Male,0405_E14,159,240.4249321,,,
Male,0405_E14,160,244.3473891,,,
Male,0405_E14,161,245.7699694,,,
Male,0405_E14,162,252.219235,,,
Male,0405_E14,163,255.8284022,,,
Male,0405_E14,164,260.7491463,,,
Male,0405_E14,165,263.1208544,,,
Male,0405_E14,166,258.6566376,,,
Male,0405_E14,167,252.8593989,,,
Male,0405_E14,168,251.1931214,,,
Male,0405_E14,169,268.7865867,,,
Male,0405_E14,170,271.198005,,,
Male,0405_E14,171,274.3539384,,,
Male,0405_E14,172,263.9273039,,,
Male,0405_E14,173,261.8721659,,,
Male,0405_E14,174,262.1158097,,,
Male,0405_E14,175,268.089209,,,
Male,0405_E14,176,272.4022341,,,
Male,0405_E14,177,279.7486015,,,
Male,0405_E14,178,278.3247979,,,
Male,0405_E14,179,281.7413224,,,
Male,0405_E14,180,273.7325343,,,
Male,0405_E14,181,276.719047,,,
Male,0405_E14,182,281.8837494,,,
Male,0405_E14,183,272.030513,,,
Male,0405_E14,184,271.0962536,,,
Male,0405_E14,185,274.5673016,,,
Male,0405_E14,186,283.1927418,,,
Male,0405_E14,187,285.9105013,,,
Male,0405_E14,188,295.4609306,,,
Male,0405_E14,189,297.0875654,,,
Male,0405_E14,190,286.9052734,,,
Male,0405_E14,191,295.4348749,,,
Male,0405_E14,192,302.486184,,,
Male,0405_E14,193,307.3378971,,,
Male,0405_E14,194,317.8767499,,,
Male,0405_E14,195,315.8045642,,,
Male,0405_E14,196,311.5075978,,,
Male,0405_E14,197,305.3485645,,,
Male,0405_E14,198,296.1960921,,,
Male,0405_E14,199,299.9617954,,,
Male,0405_E14,200,293.7025173,,,
Male,0405_E14,201,304.831921,,,
Male,0405_E14,202,308.9808442,,,
Male,0405_E14,203,315.7981259,,,
Male,0405_E14,204,306.0137918,,,
Male,0405_E14,205,327.0188501,,,
Male,0405_E14,206,322.5057174,,,
Male,0405_E14,207,325.4898658,,,
Male,0405_E14,208,330.5524948,,,
Male,0405_E14,209,327.7964909,,,
Male,0405_E14,210,333.6895712,,,
Male,0405_E14,211,336.8463026,,,
Male,0405_E14,212,326.4088801,,,
Male,0405_E14,213,334.7809209,,,
Male,0405_E14,214,336.2687472,,,
Male,0405_E14,215,339.5347013,,,
Male,0405_E14,216,341.6851,,,
Male,0405_E14,217,342.8098018,,,
Male,0405_E14,218,345.5045979,,,
Male,0405_E14,219,346.0866523,,,
Male,0405_E14,220,341.4893374,,,
Male,0405_E14,221,335.4035235,,,
Male,0405_E14,222,331.9388163,,,
Male,0405_E14,223,331.7707798,,,
Male,0405_E14,224,326.5666688,,,
Male,0405_E14,225,323.1299563,,,
Male,0405_E14,226,344.7586401,,,
Male,0405_E14,227,352.1118639,,,
Male,0405_E14,228,354.3627874,,,
Male,0405_E14,229,350.0129053,,,
Male,0405_E14,230,365.0948939,,,
Male,0405_E14,231,378.1908898,,,
Male,0405_E14,232,376.2050195,,,
Male,0405_E14,233,386.4081403,,,
Male,0405_E14,234,387.5839918,,,
Male,0405_E14,235,391.923043,,,
Male,0405_E14,236,391.1389139,,,
Male,0405_E14,237,399.0707224,,,
Male,0405_E14,238,401.0908225,,,
Male,0405_E14,239,392.2974807,,,
Male,0405_E14,240,386.5009315,,,
Male,0405_E14,241,384.1473849,,,
Male,0405_E14,242,377.3955748,,,
Male,0405_E14,243,369.396292,,,
Male,0405_E14,244,370.8388972,,,
Male,0405_E14,245,364.7381756,,,
Male,0405_E14,246,354.3670439,,,
Male,0405_E14,247,352.6517324,,,
Male,0405_E14,248,366.2447516,,,
Male,0405_E14,249,362.1621464,,,
Male,0405_E14,250,370.2836692,,,
Male,0405_E14,251,364.6606874,,,
Male,0405_E14,252,361.3340017,,,
Male,0405_E14,253,354.8198526,,,
Male,0405_E14,254,355.9102478,,,
Male,0405_E14,255,344.3949792,,,
Male,0405_E14,256,369.2836886,,,
Male,0405_E14,257,375.1538459,,,
Male,0405_E14,258,382.6113774,,,
Male,0405_E14,259,391.8951462,,,
Male,0405_E14,260,396.7157449,,,
Male,0405_E14,261,396.0377026,,,
Male,0405_E14,262,407.3503977,,,
Male,0405_E14,263,402.2914726,,,
Male,0405_E14,264,399.3541002,,,
Male,0405_E14,265,410.2876084,,,
Male,0405_E14,266,426.8894285,,,
Male,0405_E14,267,428.8408059,,,
Male,0405_E14,268,435.9882716,,,
Male,0405_E14,269,439.0211636,,,
Male,0405_E14,270,435.3215865,,,
Male,0405_E14,271,426.21313,,,
Male,0405_E14,272,422.3697094,,,
Male,0405_E14,273,416.7822508,,,
Male,0405_E14,274,415.6931755,,,
Male,0405_E14,275,410.1392921,,,
Male,0405_E14,276,406.4040979,,,
Male,0405_E14,277,401.853801,,,
Male,0405_E14,278,444.7242507,,,
Male,0405_E14,279,448.826309,,,
Male,0405_E14,280,440.9019198,,,
Male,0405_E14,281,444.8020961,,,
Male,0405_E14,282,446.4271454,,,
Male,0405_E14,283,450.4722753,,,
Male,0405_E14,284,444.4764802,,,
Male,0405_E14,285,435.006453,,,
Male,0405_E14,286,427.0630173,,,
Male,0405_E14,287,429.8405545,,,
Male,0405_E14,288,425.4503239,,,
Male,0405_E14,289,415.8991096,,,
Male,0405_E14,290,437.7153638,,,
Male,0405_E14,291,447.4015314,,,
Male,0405_E14,292,449.7106533,,,
Male,0405_E14,293,458.5385283,,,
Male,0405_E14,294,457.5447907,,,
Male,0405_E14,295,461.4884719,,,
Male,0405_E14,296,465.3819567,,,
Male,0405_E14,297,470.4668119,,,
Male,0405_E14,298,451.8667809,,,
Male,0405_E14,299,457.2898316,,,
Male,0405_E14,300,465.9583215,,,
Male,0405_E14,301,467.8960634,,,
Male,0405_E14,302,472.2361836,,,
Male,0405_E14,303,473.7420123,,,
Male,0405_E14,304,479.707046,,,
Male,0405_E14,305,482.4083034,,,
Male,0405_E14,306,487.0682063,,,
Male,0405_E14,307,489.9921913,,,
Male,0405_E14,308,497.1960739,,,
Male,0405_E14,309,501.7460469,,,
Male,0405_E14,310,509.7081839,,,
Male,0405_E14,311,512.9632872,,,
Male,0405_E14,312,518.8118704,,,
Male,0405_E14,313,525.6344714,,,
Male,0405_E14,314,530.0254258,,,
Male,0405_E14,315,534.4138055,,,
Male,0405_E14,316,543.5274997,,,
Male,0405_E14,317,552.1252487,,,
Male,0405_E14,318,553.2861283,,,
Male,0405_E14,319,564.4954511,,,
Male,0405_E14,320,579.2897712,,,
Male,0405_E14,321,583.0328386,,,
Male,0405_E14,322,594.2609031,,,
Male,0405_E14,323,602.5316464,,,
Male,0405_E14,324,587.5854506,,,
Male,0405_E14,325,579.0144993,,,
Male,0405_E14,326,567.738052,,,
Male,0405_E14,327,556.0288799,,,
Male,0405_E14,328,552.1481556,,,
Male,0405_E14,329,551.291174,,,
Male,0405_E14,330,551.4495483,,,
Male,0405_E14,331,537.574328,,,
Male,0405_E14,332,526.0453135,,,
Male,0405_E14,333,524.2230502,,,
Male,0405_E14,334,518.6176031,,,
Male,0405_E14,335,526.0586683,,,
Male,0405_E14,336,504.8041132,,,
Male,0405_E14,337,479.9106424,,,
Male,0405_E14,338,474.5151386,,,
Male,0405_E14,339,485.0848791,,,
Male,0405_E14,340,487.5040463,,,
Male,0405_E14,341,495.1968271,,,
Male,0405_E14,342,491.6665341,,,
Male,0405_E14,343,489.6886108,,,
Male,0405_E14,344,479.5036256,,,
Male,0405_E14,345,475.9963812,,,
Male,0405_E14,346,472.2837,,,
Male,0405_E14,347,501.208432,,,
Male,0405_E14,348,508.5501478,,,
Male,0405_E14,349,514.8516524,,,
Male,0405_E14,350,525.1038603,,,
Male,0405_E14,351,528.3344803,,,
Male,0405_E14,352,533.6709758,,,
Male,0405_E14,353,535.3560567,,,
Male,0405_E14,354,538.5389092,,,
Male,0405_E14,355,546.5275014,,,
Male,0405_E14,356,558.8790282,,,
Male,0405_E14,357,557.9809866,,,
Male,0405_E14,358,586.0223745,,,
Male,0405_E14,359,593.0992934,,,
Male,0405_E14,360,595.1009912,,,
Male,0405_E14,361,590.8826836,,,
Male,0405_E14,362,599.6674695,,,
Male,0405_E14,363,599.1469285,,,
Male,0405_E14,364,601.8621353,,,
Male,0405_E14,365,591.0711893,,,
Male,0405_E14,366,586.7402878,,,
Male,0405_E14,367,583.4648826,,,
Male,0405_E14,368,576.5665075,,,
Male,0405_E14,369,573.0264442,,,
Male,0405_E14,370,564.4081125,,,
Male,0405_E14,371,556.3574332,,,
Male,0405_E14,372,601.0631261,,,
Male,0405_E14,373,254.6263544,,,
Female,0516_E4,1,19.16330577,,,
Female,0516_E4,2,14.48863589,,,
Female,0516_E4,3,22.2415865,,,
Female,0516_E4,4,39.94057687,,,
Female,0516_E4,5,58.43595539,,,
Female,0516_E4,6,55.87501153,,,
Female,0516_E4,7,61.98454783,,,
Female,0516_E4,8,65.48472623,,,
Female,0516_E4,9,63.42517388,,,
Female,0516_E4,10,68.62218283,,,
Female,0516_E4,11,65.95473033,,,
Female,0516_E4,12,63.86198934,,,
Female,0516_E4,13,61.66635592,,,
Female,0516_E4,14,67.10934571,,,
Female,0516_E4,15,66.84053538,,,
Female,0516_E4,16,59.06048142,,,
Female,0516_E4,17,75.95310899,,,
Female,0516_E4,18,78.8173786,,,
Female,0516_E4,19,82.01156798,,,
Female,0516_E4,20,76.65233054,,,
Female,0516_E4,21,80.57462392,,,
Female,0516_E4,22,86.0581808,,,
Female,0516_E4,23,87.87925645,,,
Female,0516_E4,24,90.41972829,,,
Female,0516_E4,25,91.86903633,,,
Female,0516_E4,26,95.14367328,,,
Female,0516_E4,27,103.0251307,,,
Female,0516_E4,28,95.64954094,,,
Female,0516_E4,29,92.64122938,,,
Female,0516_E4,30,90.67832253,,,
Female,0516_E4,31,96.52809685,,,
Female,0516_E4,32,99.34294801,,,
Female,0516_E4,33,102.157752,,,
Female,0516_E4,34,107.2212787,,,
Female,0516_E4,35,113.8862991,,,
Female,0516_E4,36,120.1148267,,,
Female,0516_E4,37,112.1080422,,,
Female,0516_E4,38,122.1705743,,,
Female,0516_E4,39,129.3513992,,,
Female,0516_E4,40,125.9599438,,,
Female,0516_E4,41,123.1918471,,,
Female,0516_E4,42,132.0995849,,,
Female,0516_E4,43,137.929481,,,
Female,0516_E4,44,131.9563281,,,
Female,0516_E4,45,127.4755449,,,
Female,0516_E4,46,125.5009288,,,
Female,0516_E4,47,131.4094405,,,
Female,0516_E4,48,116.5221847,,,
Female,0516_E4,49,104.8342966,,,
Female,0516_E4,50,105.8667909,,,
Female,0516_E4,51,106.63745,,,
Female,0516_E4,52,112.7508155,,,
Female,0516_E4,53,138.2957668,,,
Female,0516_E4,54,138.0093372,,,
Female,0516_E4,55,143.1332618,,,
Female,0516_E4,56,145.256095,,,
Female,0516_E4,57,151.8585923,,,
Female,0516_E4,58,156.4141638,,,
Female,0516_E4,59,159.7536169,,,
Female,0516_E4,60,161.0316578,,,
Female,0516_E4,61,161.2296432,,,
Female,0516_E4,62,167.1339964,,,
Female,0516_E4,63,165.7545955,,,
Female,0516_E4,64,161.3606928,,,
Female,0516_E4,65,153.3973016,,,
Female,0516_E4,66,152.0555491,,,
Female,0516_E4,67,145.3346444,,,
Female,0516_E4,68,143.9654949,,,
Female,0516_E4,69,166.0328613,,,
Female,0516_E4,70,168.2842096,,,
Female,0516_E4,71,164.5720898,,,
Female,0516_E4,72,164.3342604,,,
Female,0516_E4,73,173.4819574,,,
Female,0516_E4,74,174.4488426,,,
Female,0516_E4,75,178.9874881,,,
Female,0516_E4,76,178.6802389,,,
Female,0516_E4,77,175.3496124,,,
Female,0516_E4,78,179.4056971,,,
Female,0516_E4,79,180.9051513,,,
Female,0516_E4,80,183.0602319,,,
Female,0516_E4,81,186.1005352,,,
Female,0516_E4,82,186.4403683,,,
Female,0516_E4,83,186.241958,,,
Female,0516_E4,84,179.8241322,,,
Female,0516_E4,85,186.1437716,,,
Female,0516_E4,86,195.369235,,,
Female,0516_E4,87,193.9350541,,,
Female,0516_E4,88,202.0513682,,,
Female,0516_E4,89,196.268383,,,
Female,0516_E4,90,197.970173,,,
Female,0516_E4,91,196.8202444,,,
Female,0516_E4,92,197.9576277,,,
Female,0516_E4,93,194.9200028,,,
Female,0516_E4,94,204.2460262,,,
Female,0516_E4,95,196.1390804,,,
Female,0516_E4,96,194.0783193,,,
Female,0516_E4,97,204.7552196,,,
Female,0516_E4,98,214.836856,,,
Female,0516_E4,99,216.5140855,,,
Female,0516_E4,100,226.8912978,,,
Female,0516_E4,101,222.070246,,,
Female,0516_E4,102,218.6962648,,,
Female,0516_E4,103,220.779476,,,
Female,0516_E4,104,215.0698695,,,
Female,0516_E4,105,212.2299285,,,
Female,0516_E4,106,212.4074981,,,
Female,0516_E4,107,216.230705,,,
Female,0516_E4,108,225.6114828,,,
Female,0516_E4,109,229.0089314,,,
Female,0516_E4,110,231.8143331,,,
Female,0516_E4,111,228.9231338,,,
Female,0516_E4,112,232.8146456,,,
Female,0516_E4,113,233.5412594,,,
Female,0516_E4,114,228.155787,,,
Female,0516_E4,115,243.3681372,,,
Female,0516_E4,116,244.3005062,,,
Female,0516_E4,117,241.3450625,,,
Female,0516_E4,118,252.6426417,,,
Female,0516_E4,119,257.2112621,,,
Female,0516_E4,120,250.8411173,,,
Female,0516_E4,121,247.274761,,,
Female,0516_E4,122,254.4761652,,,
Female,0516_E4,123,256.8684537,,,
Female,0516_E4,124,264.8240561,,,
Female,0516_E4,125,259.2841345,,,
Female,0516_E4,126,255.8801167,,,
Female,0516_E4,127,256.8193422,,,
Female,0516_E4,128,260.8236526,,,
Female,0516_E4,129,265.868567,,,
Female,0516_E4,130,271.957746,,,
Female,0516_E4,131,275.9453818,,,
Female,0516_E4,132,275.7080253,,,
Female,0516_E4,133,277.7484851,,,
Female,0516_E4,134,281.4148154,,,
Female,0516_E4,135,244.0004485,,,
Female,0516_E4,136,256.6008374,,,
Female,0516_E4,137,270.9395551,,,
Female,0516_E4,138,268.9046808,,,
Female,0516_E4,139,269.1995145,,,
Female,0516_E4,140,275.500138,,,
Female,0516_E4,141,291.9640763,,,
Female,0516_E4,142,292.1678456,,,
Female,0516_E4,143,288.6178212,,,
Female,0516_E4,144,292.1781589,,,
Female,0516_E4,145,288.7777164,,,
Female,0516_E4,146,289.0267102,,,
Female,0516_E4,147,290.0222926,,,
Female,0516_E4,148,284.6145771,,,
Female,0516_E4,149,282.3679603,,,
Female,0516_E4,150,296.1357578,,,
Female,0516_E4,151,296.0295178,,,
Female,0516_E4,152,299.0092781,,,
Female,0516_E4,153,303.9402634,,,
Female,0516_E4,154,308.4773242,,,
Female,0516_E4,155,308.3859837,,,
Female,0516_E4,156,308.2536452,,,
Female,0516_E4,157,313.2496708,,,
Female,0516_E4,158,318.8219361,,,
Female,0516_E4,159,324.716639,,,
Female,0516_E4,160,325.6753711,,,
Female,0516_E4,161,329.871126,,,
Female,0516_E4,162,314.5856071,,,
Female,0516_E4,163,302.6145745,,,
Female,0516_E4,164,301.2646707,,,
Female,0516_E4,165,300.7624657,,,
Female,0516_E4,166,307.3016915,,,
Female,0516_E4,167,311.0023601,,,
Female,0516_E4,168,315.6671784,,,
Female,0516_E4,169,319.1137581,,,
Female,0516_E4,170,323.733067,,,
Female,0516_E4,171,328.0180686,,,
Female,0516_E4,172,336.1823033,,,
Female,0516_E4,173,342.2560877,,,
Female,0516_E4,174,343.5716397,,,
Female,0516_E4,175,349.9400916,,,
Female,0516_E4,176,354.4833593,,,
Female,0516_E4,177,360.3601627,,,
Female,0516_E4,178,368.0524942,,,
Female,0516_E4,179,336.5365373,,,
Female,0516_E4,180,330.2150729,,,
Female,0516_E4,181,335.3699079,,,
Female,0516_E4,182,336.9143292,,,
Female,0516_E4,183,339.07428,,,
Female,0516_E4,184,334.321044,,,
Female,0516_E4,185,337.3163933,,,
Female,0516_E4,186,342.2536649,,,
Female,0516_E4,187,344.453065,,,
Female,0516_E4,188,346.5191225,,,
Female,0516_E4,189,344.3358656,,,
Female,0516_E4,190,352.3853826,,,
Female,0516_E4,191,359.111573,,,
Female,0516_E4,192,364.2249715,,,
Female,0516_E4,193,369.679191,,,
Female,0516_E4,194,376.8791588,,,
Female,0516_E4,195,368.8098012,,,
Female,0516_E4,196,371.6490933,,,
Female,0516_E4,197,367.3071751,,,
Female,0516_E4,198,357.1205056,,,
Female,0516_E4,199,379.4081662,,,
Female,0516_E4,200,385.3117527,,,
Female,0516_E4,201,385.858145,,,
Female,0516_E4,202,378.3975873,,,
Female,0516_E4,203,379.8530832,,,
Female,0516_E4,204,383.1304782,,,
Female,0516_E4,205,383.2336091,,,
Female,0516_E4,206,393.599627,,,
Female,0516_E4,207,395.7241492,,,
Female,0516_E4,208,388.0046916,,,
Female,0516_E4,209,393.1948891,,,
Female,0516_E4,210,397.7279261,,,
Female,0516_E4,211,397.3857461,,,
Female,0516_E4,212,403.9703319,,,
Female,0516_E4,213,405.5089656,,,
Female,0516_E4,214,416.1602445,,,
Female,0516_E4,215,415.665004,,,
Female,0516_E4,216,415.8261072,,,
Female,0516_E4,217,417.6130992,,,
Female,0516_E4,218,422.217555,,,
Female,0516_E4,219,421.7581674,,,
Female,0516_E4,220,422.7971113,,,
Female,0516_E4,221,430.3885666,,,
Female,0516_E4,222,435.9187466,,,
Female,0516_E4,223,437.5935647,,,
Female,0516_E4,224,431.5469683,,,
Female,0516_E4,225,435.5362021,,,
Female,0516_E4,226,428.0825375,,,
Female,0516_E4,227,423.4441207,,,
Female,0516_E4,228,423.6747886,,,
Female,0516_E4,229,435.3432914,,,
Female,0516_E4,230,424.0437569,,,
Female,0516_E4,231,418.6626979,,,
Female,0516_E4,232,449.3069038,,,
Female,0516_E4,233,450.7583636,,,
Female,0516_E4,234,440.7795651,,,
Female,0516_E4,235,457.584724,,,
Female,0516_E4,236,455.7852975,,,
Female,0516_E4,237,456.2652061,,,
Female,0516_E4,238,466.9558688,,,
Female,0516_E4,239,476.7531205,,,
Female,0516_E4,240,473.421564,,,
Female,0516_E4,241,480.9313231,,,
Female,0516_E4,242,488.0399,,,
Female,0516_E4,243,491.3981011,,,
Female,0516_E4,244,494.6277812,,,
Female,0516_E4,245,488.6962033,,,
Female,0516_E4,246,475.4704127,,,
Female,0516_E4,247,466.8087728,,,
Female,0516_E4,248,493.026494,,,
Female,0516_E4,249,501.5622887,,,
Female,0516_E4,250,503.7571234,,,
Female,0516_E4,251,511.1427215,,,
Female,0516_E4,252,510.3213666,,,
Female,0516_E4,253,504.5703349,,,
Female,0516_E4,254,509.6308824,,,
Female,0516_E4,255,510.2794007,,,
Female,0516_E4,256,499.5282458,,,
Female,0516_E4,257,491.2736718,,,
Female,0516_E4,258,484.0458952,,,
Female,0516_E4,259,477.6162228,,,
Female,0516_E4,260,471.7157157,,,
Female,0516_E4,261,467.3286023,,,
Female,0516_E4,262,462.5917628,,,
Female,0516_E4,263,461.5382058,,,
Female,0516_E4,264,461.2277884,,,
Female,0516_E4,265,457.6551077,,,
Female,0516_E4,266,524.3087267,,,
Female,0516_E4,267,527.7039678,,,
Female,0516_E4,268,519.9566621,,,
Female,0516_E4,269,534.0543075,,,
Female,0516_E4,270,519.2028366,,,
Female,0516_E4,271,513.6363904,,,
Female,0516_E4,272,532.4233991,,,
Female,0516_E4,273,546.9330091,,,
Female,0516_E4,274,555.4048024,,,
Female,0516_E4,275,566.494592,,,
Female,0516_E4,276,573.7430352,,,
Female,0516_E4,277,581.7102506,,,
Female,0516_E4,278,589.9281111,,,
Female,0516_E4,279,596.1371136,,,
Female,0516_E4,280,604.680178,,,
Female,0516_E4,281,612.5039989,,,
Female,0516_E4,282,619.2541621,,,
Female,0516_E4,283,625.0664543,,,
Female,0516_E4,284,579.6719169,,,
Female,0516_E4,285,571.9425758,,,
Female,0516_E4,286,579.508538,,,
Female,0516_E4,287,546.2297731,,,
Female,0516_E4,288,543.3857974,,,
Female,0516_E4,289,546.7881365,,,
Female,0516_E4,290,571.8592543,,,
Female,0516_E4,291,553.9110977,,,
Female,0516_E4,292,533.6026169,,,
Female,0516_E4,293,539.1593277,,,
Female,0516_E4,294,546.1588066,,,
Female,0516_E4,295,564.4354267,,,
Female,0516_E4,296,573.8984764,,,
Female,0516_E4,297,576.6174227,,,
Female,0516_E4,298,597.3392583,,,
Female,0516_E4,299,603.1875207,,,
Female,0516_E4,300,610.3558995,,,
Female,0516_E4,301,600.2841915,,,
Female,0516_E4,302,609.9764364,,,
Female,0516_E4,303,624.7906469,,,
